<?xml version="1.0" encoding="UTF-8"?>
<list xmlns:xsi="http://www.w3.org/2001/XMLSchema-instance" xsi:noNamespaceSchemaLocation="../../xsd/buylist.xsd">
	<item id="5434" price="0" /> <!-- Recipe: Dragon Slayer(60%) -->
	<item id="5435" price="0" /> <!-- Recipe: Dragon Slayer(100%) -->
	<item id="5438" price="0" /> <!-- Recipe: Meteor Shower(60%) -->
	<item id="5439" price="0" /> <!-- Recipe: Meteor Shower(100%) -->
	<item id="5440" price="0" /> <!-- Recipe: Elysian(60%) -->
	<item id="5441" price="0" /> <!-- Recipe: Elysian(100%) -->
	<item id="5442" price="0" /> <!-- Recipe: Soul Bow(60%) -->
	<item id="5443" price="0" /> <!-- Recipe: Soul Bow(100%) -->
	<item id="5444" price="0" /> <!-- Recipe: Carnage Bow(60%) -->
	<item id="5445" price="0" /> <!-- Recipe: Carnage Bow(100%) -->
	<item id="5446" price="0" /> <!-- Recipe: Bloody Orchid(60%) -->
	<item id="5447" price="0" /> <!-- Recipe: Bloody Orchid(100%) -->
	<item id="5448" price="0" /> <!-- Recipe: Soul Separator(60%) -->
	<item id="5449" price="0" /> <!-- Recipe: Soul Separator(100%) -->
	<item id="5450" price="0" /> <!-- Recipe: Dragon Grinder(60%) -->
	<item id="5451" price="0" /> <!-- Recipe: Dragon Grinder(100%) -->
	<item id="5452" price="0" /> <!-- Recipe: Blood Tornado(60%) -->
	<item id="5453" price="0" /> <!-- Recipe: Blood Tornado(100%) -->
	<item id="5456" price="0" /> <!-- Recipe: Tallum Glaive(60%) -->
	<item id="5457" price="0" /> <!-- Recipe: Tallum Glaive(100%) -->
	<item id="5458" price="0" /> <!-- Recipe: Halberd(60%) -->
	<item id="5459" price="0" /> <!-- Recipe: Halberd(100%) -->
	<item id="5460" price="0" /> <!-- Recipe: Dasparion's Staff(60%) -->
	<item id="5461" price="0" /> <!-- Recipe: Dasparion's Staff(100%) -->
	<item id="5462" price="0" /> <!-- Recipe: Branch of the Mother Tree(60%) -->
	<item id="5463" price="0" /> <!-- Recipe: Branch of the Mother Tree(100%) -->
	<item id="5464" price="0" /> <!-- Recipe: Dark Legion's Edge(60%) -->
	<item id="5465" price="0" /> <!-- Recipe: Dark Legion's Edge(100%) -->
	<item id="5466" price="0" /> <!-- Recipe: Sword of Miracles(60%) -->
	<item id="5467" price="0" /> <!-- Recipe: Sword of Miracles(100%) -->
	<item id="5468" price="0" /> <!-- Recipe: Elemental Sword(60%) -->
	<item id="5469" price="0" /> <!-- Recipe: Elemental Sword(100%) -->
	<item id="5470" price="0" /> <!-- Recipe: Tallum Blade(60%) -->
	<item id="5471" price="0" /> <!-- Recipe: Tallum Blade(100%) -->
	<item id="5332" price="0" /> <!-- Recipe: Sealed Dark Crystal Leather Armor(60%) -->
	<item id="5333" price="0" /> <!-- Recipe: Sealed Dark Crystal Leather Armor(100%) -->
	<item id="5334" price="0" /> <!-- Recipe: Sealed Tallum Leather Armor(60%) -->
	<item id="5335" price="0" /> <!-- Recipe: Sealed Tallum Leather Armor(100%) -->
	<item id="5336" price="0" /> <!-- Recipe: Sealed Leather Armor of Nightmare(60%) -->
	<item id="5337" price="0" /> <!-- Recipe: Sealed Leather Armor of Nightmare(100%) -->
	<item id="5338" price="0" /> <!-- Recipe: Sealed Majestic Leather Armor(60%) -->
	<item id="5339" price="0" /> <!-- Recipe: Sealed Majestic Leather Armor(100%) -->
	<item id="5340" price="0" /> <!-- Recipe: Sealed Dark Crystal Leggings(60%) -->
	<item id="5341" price="0" /> <!-- Recipe: Sealed Dark Crystal Leggings(100%) -->
	<item id="5346" price="0" /> <!-- Recipe: Sealed Tallum Tunic(60%) -->
	<item id="5347" price="0" /> <!-- Recipe: Sealed Tallum Tunic(100%) -->
	<item id="5348" price="0" /> <!-- Recipe: Sealed Dark Crystal Robe(60%) -->
	<item id="5349" price="0" /> <!-- Recipe: Sealed Dark Crystal Robe(100%) -->
	<item id="5350" price="0" /> <!-- Recipe: Sealed Robe of Nightmare(60%) -->
	<item id="5351" price="0" /> <!-- Recipe: Sealed Robe of Nightmare(100%) -->
	<item id="5352" price="0" /> <!-- Recipe: Sealed Majestic Robe(60%) -->
	<item id="5353" price="0" /> <!-- Recipe: Sealed Majestic Robe(100%) -->
	<item id="5354" price="0" /> <!-- Recipe: Sealed Tallum Stockings(60%) -->
	<item id="5355" price="0" /> <!-- Recipe: Sealed Tallum Stockings(100%) -->
	<item id="5364" price="0" /> <!-- Recipe: Sealed Dark Crystal Shield(60%) -->
	<item id="5365" price="0" /> <!-- Recipe: Sealed Dark Crystal Shield(100%) -->
	<item id="5366" price="0" /> <!-- Recipe: Sealed Shield of Nightmare(60%) -->
	<item id="5367" price="0" /> <!-- Recipe: Sealed Shield of Nightmare(100%) -->
	<item id="5368" price="0" /> <!-- Recipe: Sealed Dark Crystal Boots(60%) -->
	<item id="5369" price="0" /> <!-- Recipe: Sealed Dark Crystal Boots(100%) -->
	<item id="5370" price="0" /> <!-- Recipe: Sealed Tallum Boots(60%) -->
	<item id="5371" price="0" /> <!-- Recipe: Sealed Tallum Boots(100%) -->
	<item id="5380" price="0" /> <!-- Recipe: Sealed Boots of Nightmare(60%) -->
	<item id="5381" price="0" /> <!-- Recipe: Sealed Boots of Nightmare(100%) -->
	<item id="5382" price="0" /> <!-- Recipe: Sealed Majestic Boots(60%) -->
	<item id="5383" price="0" /> <!-- Recipe: Sealed Majestic Boots(100%) -->
	<item id="5392" price="0" /> <!-- Recipe: Sealed Dark Crystal Gloves(60%) -->
	<item id="5393" price="0" /> <!-- Recipe: Sealed Dark Crystal Gloves(100%) -->
	<item id="5394" price="0" /> <!-- Recipe: Sealed Tallum Gloves(60%) -->
	<item id="5395" price="0" /> <!-- Recipe: Sealed Tallum Gloves(100%) -->
	<item id="5404" price="0" /> <!-- Recipe: Sealed Gauntlets of Nightmare(60%) -->
	<item id="5405" price="0" /> <!-- Recipe: Sealed Gauntlets of Nightmare(100%) -->
	<item id="5406" price="0" /> <!-- Recipe: Sealed Majestic Gauntlets(60%) -->
	<item id="5407" price="0" /> <!-- Recipe: Sealed Majestic Gauntlets(100%) -->
	<item id="5416" price="0" /> <!-- Recipe: Sealed Dark Crystal Breastplate(60%) -->
	<item id="5417" price="0" /> <!-- Recipe: Sealed Dark Crystal Breastplate(100%) -->
	<item id="5418" price="0" /> <!-- Recipe: Sealed Tallum Plate Armor(60%) -->
	<item id="5419" price="0" /> <!-- Recipe: Sealed Tallum Plate Armor(100%) -->
	<item id="5420" price="0" /> <!-- Recipe: Sealed Armor of Nightmare(60%) -->
	<item id="5421" price="0" /> <!-- Recipe: Sealed Armor of Nightmare(100%) -->
	<item id="5422" price="0" /> <!-- Recipe: Sealed Majestic Plate Armor(60%) -->
	<item id="5423" price="0" /> <!-- Recipe: Sealed Majestic Plate Armor(100%) -->
	<item id="5424" price="0" /> <!-- Recipe: Sealed Dark Crystal Gaiters(60%) -->
	<item id="5425" price="0" /> <!-- Recipe: Sealed Dark Crystal Gaiters(100%) -->
	<item id="5426" price="0" /> <!-- Recipe: Sealed Dark Crystal Helmet(60%) -->
	<item id="5427" price="0" /> <!-- Recipe: Sealed Dark Crystal Helmet(100%) -->
	<item id="5428" price="0" /> <!-- Recipe: Sealed Tallum Helmet(60%) -->
	<item id="5429" price="0" /> <!-- Recipe: Sealed Tallum Helmet(100%) -->
	<item id="5430" price="0" /> <!-- Recipe: Sealed Helm of Nightmare(60%) -->
	<item id="5431" price="0" /> <!-- Recipe: Sealed Helm of Nightmare(100%) -->
	<item id="5432" price="0" /> <!-- Recipe: Sealed Majestic Circlet (60%) -->
	<item id="5433" price="0" /> <!-- Recipe: Sealed Majestic Circlet (100%) -->
	<item id="8690" price="0" /> <!-- Recipe: Sirra's Blade (60%) -->
	<item id="8691" price="0" /> <!-- Recipe: Sirra's Blade (100%) -->
	<item id="8692" price="0" /> <!-- Recipe: Sword of Ipos (60%) -->
	<item id="8693" price="0" /> <!-- Recipe: Sword of Ipos (100%) -->
	<item id="8694" price="0" /> <!-- Recipe: Barakiel's Axe (60%) -->
	<item id="8695" price="0" /> <!-- Recipe: Barakiel's Axe (100%) -->
	<item id="8696" price="0" /> <!-- Recipe: Behemoth's Tuning Fork (60%) -->
	<item id="8697" price="0" /> <!-- Recipe: Behemoth's Tuning Fork (100%) -->
	<item id="8698" price="0" /> <!-- Recipe: Naga Storm (60%) -->
	<item id="8699" price="0" /> <!-- Recipe: Naga Storm (100%) -->
	<item id="8700" price="0" /> <!-- Recipe: Tiphon's Spear (60%) -->
	<item id="8701" price="0" /> <!-- Recipe: Tiphon's Spear (100%) -->
	<item id="8702" price="0" /> <!-- Recipe: Shyeed's Bow (60%) -->
	<item id="8703" price="0" /> <!-- Recipe: Shyeed's Bow (100%) -->
	<item id="8704" price="0" /> <!-- Recipe: Sobekk's Hurricane (60%) -->
	<item id="8705" price="0" /> <!-- Recipe: Sobekk's Hurricane (100%) -->
	<item id="8706" price="0" /> <!-- Recipe: Themis' Tongue (60%) -->
	<item id="8707" price="0" /> <!-- Recipe: Themis' Tongue (100%) -->
	<item id="8708" price="0" /> <!-- Recipe: Cabrio's Hand (60%) -->
	<item id="8709" price="0" /> <!-- Recipe: Cabrio's Hand (100%) -->
	<item id="8710" price="0" /> <!-- Recipe: Daimon Crystal (60%) -->
	<item id="8711" price="0" /> <!-- Recipe: Daimon Crystal (100%) -->
</list>
