<?xml version="1.0" encoding="UTF-8"?>
<list xmlns:xsi="http://www.w3.org/2001/XMLSchema-instance" xsi:noNamespaceSchemaLocation="../../xsd/buylist.xsd">
	<item id="221" price="0" /> <!-- Assassin Knife -->
	<item id="220" price="0" /> <!-- Crafted Dagger -->
	<item id="240" price="0" /> <!-- Conjurer's Knife -->
	<item id="238" price="0" /> <!-- Dagger of Mana -->
	<item id="239" price="0" /> <!-- Mystic Knife -->
	<item id="222" price="0" /> <!-- Poniard Dagger -->
	<item id="241" price="0" /> <!-- Shilen Knife -->
	<item id="223" price="0" /> <!-- Kukuri -->
	<item id="1660" price="0" /> <!-- Cursed Maingauche -->
	<item id="224" price="0" /> <!-- Maingauche -->
	<item id="225" price="0" /> <!-- Mithril Dagger -->
</list>
