<?xml version="1.0" encoding="UTF-8"?>
<list xmlns:xsi="http://www.w3.org/2001/XMLSchema-instance" xsi:noNamespaceSchemaLocation="../../xsd/buylist.xsd">
	<item id="47" price="0" /> <!-- Helmet -->
	<item id="58" price="0" /> <!-- Mithril Breastplate -->
	<item id="59" price="0" /> <!-- Mithril Gaiters -->
	<item id="628" price="0" /> <!-- Hoplon -->
	<item id="2411" price="0" /> <!-- Brigandine Helmet -->
	<item id="352" price="0" /> <!-- Brigandine Tunic -->
	<item id="2378" price="0" /> <!-- Brigandine Gaiters -->
	<item id="2493" price="0" /> <!-- Brigandine Shield -->
	<item id="394" price="0" /> <!-- Reinforced Leather Shirt -->
	<item id="416" price="0" /> <!-- Reinforced Leather Gaiters -->
	<item id="2422" price="0" /> <!-- Reinforced Leather Boots -->
	<item id="395" price="0" /> <!-- Manticore Skin Shirt -->
	<item id="417" price="0" /> <!-- Manticore Skin Gaiters -->
	<item id="2424" price="0" /> <!-- Manticore Skin Boots -->
	<item id="436" price="0" /> <!-- Tunic of Knowledge -->
	<item id="469" price="0" /> <!-- Stockings of Knowledge -->
	<item id="2447" price="0" /> <!-- Gloves of Knowledge -->
	<item id="437" price="0" /> <!-- Mithril Tunic -->
	<item id="470" price="0" /> <!-- Mithril Stockings -->
	<item id="2450" price="0" /> <!-- Mithril Gloves -->
</list>
