<?xml version="1.0" encoding="UTF-8"?>
<list xmlns:xsi="http://www.w3.org/2001/XMLSchema-instance" xsi:noNamespaceSchemaLocation="../../xsd/buylist.xsd">
	<item id="193" price="0" /> <!-- Stick of Faith -->
	<item id="160" price="0" /> <!-- Battle Axe -->
	<item id="89" price="0" /> <!-- Big Hammer -->
	<item id="161" price="0" /> <!-- Silver Axe -->
	<item id="173" price="0" /> <!-- Skull Graver -->
	<item id="201" price="0" /> <!-- Club of Nature -->
	<item id="202" price="0" /> <!-- Mace of Underworld -->
	<item id="174" price="0" /> <!-- Nirvana Axe -->
	<item id="196" price="0" /> <!-- Stick of Eternity -->
	<item id="2502" price="0" /> <!-- Dwarven War Hammer -->
	<item id="7891" price="0" /> <!-- Ecliptic Axe -->
	<item id="162" price="0" /> <!-- War Axe -->
	<item id="2503" price="0" /> <!-- Yaksa Mace -->
</list>
