<?xml version="1.0" encoding="UTF-8"?>
<list xmlns:xsi="http://www.w3.org/2001/XMLSchema-instance" xsi:noNamespaceSchemaLocation="../../xsd/buylist.xsd">
	<item id="5808" price="0" /> <!-- Party Mask -->
	<item id="6394" price="0" /> <!-- Red Party Mask -->
	<item id="6843" price="0" /> <!-- Cat Ears -->
	<item id="8185" price="0" /> <!-- Feathered Hat -->
	<item id="8186" price="0" /> <!-- Artisan's Goggles -->
	<item id="8187" price="0" /> <!-- Demon Horns -->
	<item id="8188" price="0" /> <!-- Little Angel Wings -->
	<item id="8189" price="0" /> <!-- Fairy Antennae -->
	<item id="8559" price="0" /> <!-- Diadem -->
	<item id="8560" price="0" /> <!-- Teddy Bear Hat -->
	<item id="8561" price="0" /> <!-- Piggy Hat -->
	<item id="8562" price="0" /> <!-- Jester Hat -->
	<item id="8563" price="0" /> <!-- Wizard Hat -->
	<item id="8564" price="0" /> <!-- Dapper Cap -->
	<item id="8569" price="0" /> <!-- Half Face Mask -->
	<item id="10250" price="0" /> <!-- Adventurer Hat (Event) -->
	<item id="13501" price="0" /> <!-- Refined Romantic Chapeau -->
	<item id="13519" price="0" /> <!-- Event - Black Mask -->
	<item id="20020" price="0" /> <!-- Uniform Hat -->
	<item id="20021" price="0" /> <!-- Assassin's Bamboo Hat -->
	<item id="20022" price="0" /> <!-- Ruthless Tribe Mask -->
	<item id="20023" price="0" /> <!-- Ribbon Hairband -->
</list>
