<?xml version="1.0" encoding="UTF-8"?>
<list xmlns:xsi="http://www.w3.org/2001/XMLSchema-instance" xsi:noNamespaceSchemaLocation="../../xsd/buylist.xsd">
	<item id="308" price="0" /> <!-- Buffalo's Horn -->
	<item id="2369" price="0" /> <!-- Squire's Sword -->
	<item id="1" price="0" /> <!-- Short Sword -->
	<item id="3" price="0" /> <!-- Broadsword -->
	<item id="738" price="0" /> <!-- Sword of Solidarity -->
	<item id="1510" price="0" /> <!-- Butcher's Sword -->
	<item id="975" price="0" /> <!-- Blood Saber -->
	<item id="743" price="0" /> <!-- Sword of Sentinel -->
	<item id="66" price="0" /> <!-- Gladius -->
	<item id="122" price="0" /> <!-- Handmade Sword -->
	<item id="67" price="0" /> <!-- Orcish Sword -->
	<item id="3029" price="0" /> <!-- Orcish Sword -->
	<item id="1142" price="0" /> <!-- Rusted Bronze Sword -->
	<item id="2" price="0" /> <!-- Long Sword -->
	<item id="120" price="0" /> <!-- Sword of Reflection -->
	<item id="121" price="0" /> <!-- Sword of Watershadow -->
	<item id="68" price="0" /> <!-- Falchion -->
</list>
