<?xml version="1.0" encoding="UTF-8"?>
<list xmlns:xsi="http://www.w3.org/2001/XMLSchema-instance" xsi:noNamespaceSchemaLocation="../../xsd/buylist.xsd">
	<item id="2551" price="0" /> <!-- Crimson Sword*Crimson Sword -->
	<item id="2552" price="0" /> <!-- Crimson Sword*Elven Sword -->
	<item id="2555" price="0" /> <!-- Elven Sword*Elven Sword -->
	<item id="2523" price="0" /> <!-- Saber*Sword of Revolution -->
	<item id="2544" price="0" /> <!-- Artisan's Sword*Sword of Revolution -->
	<item id="2531" price="0" /> <!-- Bastard Sword*Sword of Revolution -->
	<item id="2549" price="0" /> <!-- Knight's Sword*Sword of Revolution -->
	<item id="2538" price="0" /> <!-- Spinebone Sword*Sword of Revolution -->
	<item id="2524" price="0" /> <!-- Saber*Elven Long Sword -->
	<item id="2545" price="0" /> <!-- Artisan's Sword*Elven Long Sword -->
	<item id="2532" price="0" /> <!-- Bastard Sword*Elven Long Sword -->
	<item id="2553" price="0" /> <!-- Crimson Sword*Sword of Revolution -->
	<item id="2556" price="0" /> <!-- Elven Sword*Sword of Revolution -->
	<item id="2550" price="0" /> <!-- Knight's Sword*Elven Long Sword -->
	<item id="2539" price="0" /> <!-- Spinebone Sword*Elven Long Sword -->
	<item id="2554" price="0" /> <!-- Crimson Sword*Elven Long Sword -->
	<item id="2557" price="0" /> <!-- Elven Sword*Elven Long Sword -->
	<item id="2558" price="0" /> <!-- Sword of Revolution*Sword of Revolution -->
	<item id="2559" price="0" /> <!-- Sword of Revolution*Elven Long Sword -->
	<item id="2560" price="0" /> <!-- Elven Long Sword*Elven Long Sword -->
	<item id="2561" price="0" /> <!-- Stormbringer*Stormbringer -->
	<item id="2563" price="0" /> <!-- Stormbringer*Katana -->
	<item id="2565" price="0" /> <!-- Stormbringer*Raid Sword -->
	<item id="2562" price="0" /> <!-- Stormbringer*Shamshir -->
	<item id="2564" price="0" /> <!-- Stormbringer*Spirit Sword -->
	<item id="2572" price="0" /> <!-- Shamshir*Shamshir -->
	<item id="2573" price="0" /> <!-- Shamshir*Katana -->
	<item id="2574" price="0" /> <!-- Shamshir*Spirit Sword -->
	<item id="2575" price="0" /> <!-- Shamshir*Raid Sword -->
	<item id="2582" price="0" /> <!-- Katana*Katana -->
	<item id="2583" price="0" /> <!-- Katana*Spirit Sword -->
	<item id="2584" price="0" /> <!-- Katana*Raid Sword -->
	<item id="2591" price="0" /> <!-- Spirit Sword*Spirit Sword -->
	<item id="2592" price="0" /> <!-- Spirit Sword*Raid Sword -->
	<item id="2599" price="0" /> <!-- Raid Sword*Raid Sword -->
</list>
