<?xml version="1.0" encoding="UTF-8"?>
<list xmlns:xsi="http://www.w3.org/2001/XMLSchema-instance" xsi:noNamespaceSchemaLocation="../../xsd/buylist.xsd">
	<item id="848" price="0" /> <!-- Enchanted Earring -->
	<item id="879" price="0" /> <!-- Enchanted Ring -->
	<item id="911" price="0" /> <!-- Enchanted Necklace -->
	<item id="850" price="0" /> <!-- Elven Earring -->
	<item id="881" price="0" /> <!-- Elven Ring -->
	<item id="913" price="0" /> <!-- Elven Necklace -->
	<item id="849" price="0" /> <!-- Tiger's Eye Earring -->
	<item id="882" price="0" /> <!-- Mithril Ring -->
	<item id="912" price="0" /> <!-- Near Forest Necklace -->
	<item id="847" price="0" /> <!-- Red Crescent Earring -->
	<item id="890" price="0" /> <!-- Ring of Devotion -->
	<item id="910" price="0" /> <!-- Necklace of Devotion -->
	<item id="851" price="0" /> <!-- Omen Beast's Eye Earring -->
	<item id="880" price="0" /> <!-- Black Pearl Ring -->
	<item id="914" price="0" /> <!-- Necklace of Darkness -->
</list>
