<?xml version="1.0" encoding="UTF-8"?>
<list xmlns:xsi="http://www.w3.org/2001/XMLSchema-instance" xsi:noNamespaceSchemaLocation="../../xsd/buylist.xsd">
	<item id="17" price="0" /> <!-- Wooden Arrow -->
	<item id="1341" price="0" /> <!-- Bone Arrow -->
	<item id="1342" price="0" /> <!-- Steel Arrow -->
	<item id="1343" price="0" /> <!-- Silver Arrow -->
	<item id="1344" price="0" /> <!-- Mithril Arrow -->
	<item id="9636" price="0" /> <!-- Mithril Bolt -->
	<item id="32249" price="0" /> <!-- Infinite Wooden Quiver -->
	<item id="32250" price="0" /> <!-- Infinite Bone Quiver -->
	<item id="32251" price="0" /> <!-- Infinite Steel Quiver -->
	<item id="32252" price="0" /> <!-- Infinite Silver Quiver -->
	<item id="32253" price="0" /> <!-- Infinite Mithril Quiver -->
	<item id="32256" price="0" /> <!-- Infinite Wooden Bolt Container -->
	<item id="32257" price="0" /> <!-- Infinite Bone Bolt Container -->
	<item id="32258" price="0" /> <!-- Infinite Steel Bolt Container -->
	<item id="32259" price="0" /> <!-- Infinite Silver Bolt Container -->
	<item id="32260" price="0" /> <!-- Infinite Mithril Bolt Container -->
</list>
