<?xml version="1.0" encoding="UTF-8"?>
<list xmlns:xsi="http://www.w3.org/2001/XMLSchema-instance" xsi:noNamespaceSchemaLocation="../../xsd/buylist.xsd">
	<item id="2566" price="0" /> <!-- Stormbringer*Caliburs -->
	<item id="2568" price="0" /> <!-- Stormbringer*Sword of Delusion -->
	<item id="2569" price="0" /> <!-- Stormbringer*Sword of Nightmare -->
	<item id="2570" price="0" /> <!-- Stormbringer*Tsurugi -->
	<item id="2567" price="0" /> <!-- Stormbringer*Ultimate Sword -->
	<item id="2585" price="0" /> <!-- Katana*Caliburs -->
	<item id="2587" price="0" /> <!-- Katana*Sword of Delusion -->
	<item id="2588" price="0" /> <!-- Katana*Sword of Nightmare -->
	<item id="2589" price="0" /> <!-- Katana*Tsurugi -->
	<item id="2586" price="0" /> <!-- Katana*Ultimate Sword -->
	<item id="2600" price="0" /> <!-- Raid Sword*Caliburs -->
	<item id="2602" price="0" /> <!-- Raid Sword*Sword of Delusion -->
	<item id="2603" price="0" /> <!-- Raid Sword*Sword of Nightmare -->
	<item id="2604" price="0" /> <!-- Raid Sword*Tsurugi -->
	<item id="2601" price="0" /> <!-- Raid Sword*Ultimate Sword -->
	<item id="2576" price="0" /> <!-- Shamshir*Caliburs -->
	<item id="2578" price="0" /> <!-- Shamshir*Sword of Delusion -->
	<item id="2579" price="0" /> <!-- Shamshir*Sword of Nightmare -->
	<item id="2580" price="0" /> <!-- Shamshir*Tsurugi -->
	<item id="2577" price="0" /> <!-- Shamshir*Ultimate Sword -->
	<item id="2593" price="0" /> <!-- Spirit Sword*Caliburs -->
	<item id="2595" price="0" /> <!-- Spirit Sword*Sword of Delusion -->
	<item id="2596" price="0" /> <!-- Spirit Sword*Sword of Nightmare -->
	<item id="2597" price="0" /> <!-- Spirit Sword*Tsurugi -->
	<item id="2594" price="0" /> <!-- Spirit Sword*Ultimate Sword -->
	<item id="2606" price="0" /> <!-- Caliburs*Caliburs -->
	<item id="2608" price="0" /> <!-- Caliburs*Sword of Delusion -->
	<item id="2609" price="0" /> <!-- Caliburs*Sword of Nightmare -->
	<item id="2610" price="0" /> <!-- Caliburs*Tsurugi -->
	<item id="2607" price="0" /> <!-- Caliburs*Ultimate Sword -->
	<item id="2571" price="0" /> <!-- Stormbringer*Samurai Long sword -->
	<item id="2617" price="0" /> <!-- Sword of Delusion*Sword of Delusion -->
	<item id="2618" price="0" /> <!-- Sword of Delusion*Sword of Nightmare -->
	<item id="2619" price="0" /> <!-- Sword of Delusion*Tsurugi -->
	<item id="2621" price="0" /> <!-- Sword of Nightmare*Sword of Nightmare -->
	<item id="2622" price="0" /> <!-- Sword of Nightmare*Tsurugi -->
	<item id="2624" price="0" /> <!-- Tsurugi*Tsurugi -->
	<item id="2613" price="0" /> <!-- Ultimate Sword*Sword of Delusion -->
	<item id="2614" price="0" /> <!-- Ultimate Sword*Sword of Nightmare -->
	<item id="2615" price="0" /> <!-- Ultimate Sword*Tsurugi -->
	<item id="2612" price="0" /> <!-- Ultimate Sword*Ultimate Sword -->
	<item id="2590" price="0" /> <!-- Katana*Samurai Long Sword -->
	<item id="2605" price="0" /> <!-- Raid Sword*Samurai Long Sword -->
	<item id="2581" price="0" /> <!-- Shamshir*Samurai Long Sword -->
	<item id="2598" price="0" /> <!-- Spirit Sword*Samurai Long Sword -->
	<item id="2611" price="0" /> <!-- Caliburs*Samurai Long Sword -->
	<item id="2620" price="0" /> <!-- Sword of Delusion*Samurai Long Sword -->
	<item id="2623" price="0" /> <!-- Sword of Nightmare*Samurai Long Sword -->
	<item id="2625" price="0" /> <!-- Tsurugi*Samurai Long Sword -->
	<item id="2616" price="0" /> <!-- Ultimate Sword*Samurai Long Sword -->
	<item id="2626" price="0" /> <!-- Samurai Long Sword*Samurai Long Sword -->
</list>
