<?xml version="1.0" encoding="UTF-8"?>
<list xmlns:xsi="http://www.w3.org/2001/XMLSchema-instance" xsi:noNamespaceSchemaLocation="../../xsd/buylist.xsd">
	<item id="4445" price="0" /> <!-- Dye of STR (Str+1 Con-3) -->
	<item id="4446" price="0" /> <!-- Dye of STR (Str+1 Dex-3) -->
	<item id="4447" price="0" /> <!-- Dye of CON (Con+1 Str-3) -->
	<item id="4448" price="0" /> <!-- Dye of CON (Con+1 Dex-3) -->
	<item id="4449" price="0" /> <!-- Dye of DEX (Dex+1 Str-3) -->
	<item id="4450" price="0" /> <!-- Dye of DEX (Dex+1 Con-3) -->
	<item id="4451" price="0" /> <!-- Dye of INT (Int+1 Men-3) -->
	<item id="4452" price="0" /> <!-- Dye of INT (Int+1 Wit-3) -->
	<item id="4453" price="0" /> <!-- Dye of MEN (Men+1 Int-3) -->
	<item id="4454" price="0" /> <!-- Dye of MEN (Men+1 Wit-3) -->
	<item id="4455" price="0" /> <!-- Dye of WIT (Wit+1 Int-3) -->
	<item id="4456" price="0" /> <!-- Dye of WIT (Wit+1 Men-3) -->
	<item id="4457" price="0" /> <!-- Dye of STR (Str+1 Con-2) -->
	<item id="4458" price="0" /> <!-- Dye of STR (Str+1 Dex-2) -->
	<item id="4459" price="0" /> <!-- Dye of CON (Con+1 Str-2) -->
	<item id="4460" price="0" /> <!-- Dye of CON (Con+1 Dex-2) -->
	<item id="4461" price="0" /> <!-- Dye of DEX (Dex+1 Str-2) -->
	<item id="4462" price="0" /> <!-- Dye of DEX (Dex+1 Con-2) -->
	<item id="4463" price="0" /> <!-- Dye of INT (Int+1 Men-2) -->
	<item id="4464" price="0" /> <!-- Dye of INT (Int+1 Wit-2) -->
	<item id="4465" price="0" /> <!-- Dye of MEN (Men+1 Int-2) -->
	<item id="4466" price="0" /> <!-- Dye of MEN (Men+1 Wit-2) -->
	<item id="4467" price="0" /> <!-- Dye of WIT (Wit+1 Int-2) -->
	<item id="4468" price="0" /> <!-- Dye of WIT (Wit+1 Men-2) -->
	<item id="4469" price="0" /> <!-- Dye of STR (Str+1 Con-1) -->
	<item id="4470" price="0" /> <!-- Dye of STR (Str+1 Dex-1) -->
	<item id="4471" price="0" /> <!-- Dye of CON (Con+1 Str-1) -->
	<item id="4472" price="0" /> <!-- Dye of CON (Con+1 Dex-1) -->
	<item id="4473" price="0" /> <!-- Dye of DEX (Dex+1 Str-1) -->
	<item id="4474" price="0" /> <!-- Dye of DEX (Dex+1 Con-1) -->
	<item id="4475" price="0" /> <!-- Dye of INT (Int+1 Men-1) -->
	<item id="4476" price="0" /> <!-- Dye of INT (Int+1 Wit-1) -->
	<item id="4477" price="0" /> <!-- Dye of MEN (Men+1 Int-1) -->
	<item id="4478" price="0" /> <!-- Dye of MEN (Men+1 Wit-1) -->
	<item id="4479" price="0" /> <!-- Dye of WIT (Wit+1 Int-1) -->
	<item id="4480" price="0" /> <!-- Dye of WIT (Wit+1 Men-1) -->
	<item id="4481" price="0" /> <!-- Greater Dye of STR (Str+1 Con-3) -->
	<item id="4482" price="0" /> <!-- Greater Dye of STR (Str+1 Dex-3) -->
	<item id="4483" price="0" /> <!-- Greater Dye of CON(Con+1 Str-3) -->
	<item id="4484" price="0" /> <!-- Greater Dye of CON(Con+1 Dex-3) -->
	<item id="4485" price="0" /> <!-- Greater Dye of DEX (Dex+1 Str-3) -->
	<item id="4486" price="0" /> <!-- Greater Dye of DEX (Dex+1 Con-3) -->
	<item id="4487" price="0" /> <!-- Greater Dye of INT (Int+1 Men-3) -->
	<item id="4488" price="0" /> <!-- Greater Dye of INT (Int+1 Wit-3) -->
	<item id="4489" price="0" /> <!-- Greater Dye of MEN (Men+1 Int-3) -->
	<item id="4490" price="0" /> <!-- Greater Dye of MEN (Men+1 Wit-3) -->
	<item id="4491" price="0" /> <!-- Greater Dye of WIT (Wit+1 Int-3) -->
	<item id="4492" price="0" /> <!-- Greater Dye of WIT (Wit+1 Men-3) -->
	<item id="4493" price="0" /> <!-- Greater Dye of STR (Str+1 Con-2) -->
	<item id="4494" price="0" /> <!-- Greater Dye of STR (Str+1 Dex-2) -->
	<item id="4495" price="0" /> <!-- Greater Dye of CON (Con+1 Str-2) -->
	<item id="4496" price="0" /> <!-- Greater Dye of CON (Con+1 Dex-2) -->
	<item id="4497" price="0" /> <!-- Greater Dye of DEX (Dex+1 Str-2) -->
	<item id="4498" price="0" /> <!-- Greater Dye of DEX (Dex+1 Con-2) -->
	<item id="4499" price="0" /> <!-- Greater Dye of INT (Int+1 Men-2) -->
	<item id="4500" price="0" /> <!-- Greater Dye of INT (Int+1 Wit-2) -->
	<item id="4501" price="0" /> <!-- Greater Dye of MEN (Men+1 Int-2) -->
	<item id="4502" price="0" /> <!-- Greater Dye of MEN (Men+1 Wit-2) -->
	<item id="4503" price="0" /> <!-- Greater Dye of WIT (Wit+1 Int-2) -->
	<item id="4504" price="0" /> <!-- Greater Dye of WIT (Wit+1 Men-2) -->
	<item id="4505" price="0" /> <!-- Greater Dye of STR (Str+2 Con-4) -->
	<item id="4506" price="0" /> <!-- Greater Dye of STR (Str+2 Dex-4) -->
	<item id="4507" price="0" /> <!-- Greater Dye of CON (Con+2 Str-4) -->
	<item id="4508" price="0" /> <!-- Greater Dye of CON (Con+2 Dex-4) -->
	<item id="4509" price="0" /> <!-- Greater Dye of DEX (Dex+2 Str-4) -->
	<item id="4510" price="0" /> <!-- Greater Dye of DEX (Dex+2 Con-4) -->
	<item id="4511" price="0" /> <!-- Greater Dye of INT (Int+2 Men-4) -->
	<item id="4512" price="0" /> <!-- Greater Dye of INT (Int+2 Wit-4) -->
	<item id="4513" price="0" /> <!-- Greater Dye of MEN (Men+2 Int-4) -->
	<item id="4514" price="0" /> <!-- Greater Dye of MEN (Men+2 Wit-4) -->
	<item id="4515" price="0" /> <!-- Greater Dye of WIT (Wit+2 Int-4) -->
	<item id="4516" price="0" /> <!-- Greater Dye of WIT (Wit+2 Men-4) -->
	<item id="4517" price="0" /> <!-- Greater Dye of STR (Str+2 Con-3) -->
	<item id="4518" price="0" /> <!-- Greater Dye of STR (Str+2 Dex-3) -->
	<item id="4519" price="0" /> <!-- Greater Dye of CON (Con+2 Str-3) -->
	<item id="4520" price="0" /> <!-- Greater Dye of CON (Con+2 Dex-3) -->
	<item id="4521" price="0" /> <!-- Greater Dye of DEX (Dex+2 Str-3) -->
	<item id="4522" price="0" /> <!-- Greater Dye of DEX (Dex+2 Con-3) -->
	<item id="4523" price="0" /> <!-- Greater Dye of INT (Int+2 Men-3) -->
	<item id="4524" price="0" /> <!-- Greater Dye of INT (Int+2 Wit-3) -->
	<item id="4525" price="0" /> <!-- Greater Dye of MEN (Men+2 Int-3) -->
	<item id="4526" price="0" /> <!-- Greater Dye of MEN (Men+2 Wit-3) -->
	<item id="4527" price="0" /> <!-- Greater Dye of WIT (Wit+2 Int-3) -->
	<item id="4528" price="0" /> <!-- Greater Dye of WIT (Wit+2 Men-3) -->
	<item id="4529" price="0" /> <!-- Greater Dye of STR (Str+3 Con-5) -->
	<item id="4530" price="0" /> <!-- Greater Dye of STR (Str+3 Dex-5) -->
	<item id="4531" price="0" /> <!-- Greater Dye of CON (Con+3 Str-5) -->
	<item id="4532" price="0" /> <!-- Greater Dye of CON (Con+3 Dex-5) -->
	<item id="4533" price="0" /> <!-- Greater Dye of DEX (Dex+3 Str-5) -->
	<item id="4534" price="0" /> <!-- Greater Dye of DEX (Dex+3 Con-5) -->
	<item id="4535" price="0" /> <!-- Greater Dye of INT (Int+3 Men-5) -->
	<item id="4536" price="0" /> <!-- Greater Dye of INT (Int+3 Wit-5) -->
	<item id="4537" price="0" /> <!-- Greater Dye of MEN (Men+3 Int-5) -->
	<item id="4538" price="0" /> <!-- Greater Dye of MEN (Men+3 Wit-5) -->
	<item id="4539" price="0" /> <!-- Greater Dye of WIT (Wit+3 Int-5) -->
	<item id="4540" price="0" /> <!-- Greater Dye of WIT (Wit+3 Men-5) -->
	<item id="4541" price="0" /> <!-- Greater Dye of STR (Str+3 Con-4) -->
	<item id="4542" price="0" /> <!-- Greater Dye of STR (Str+3 Dex-4) -->
	<item id="4543" price="0" /> <!-- Greater Dye of CON (Con+3 Str-4) -->
	<item id="4544" price="0" /> <!-- Greater Dye of CON (Con+3 Dex-4) -->
	<item id="4545" price="0" /> <!-- Greater Dye of DEX (Dex+3 Str-4) -->
	<item id="4546" price="0" /> <!-- Greater Dye of DEX (Dex+3 Con-4) -->
	<item id="4547" price="0" /> <!-- Greater Dye of INT (Int+3 Men-4) -->
	<item id="4548" price="0" /> <!-- Greater Dye of INT (Int+3 Wit-4) -->
	<item id="4549" price="0" /> <!-- Greater Dye of MEN (Men+3 Int-4) -->
	<item id="4550" price="0" /> <!-- Greater Dye of MEN (Men+3 Wit-4) -->
	<item id="4551" price="0" /> <!-- Greater Dye of WIT (Wit+3 Int-4) -->
	<item id="4552" price="0" /> <!-- Greater Dye of WIT (Wit+3 Men-4) -->
	<item id="4553" price="0" /> <!-- Greater Dye of STR (Str+1 Con-1) -->
	<item id="4554" price="0" /> <!-- Greater Dye of STR (Str+1 Dex-1) -->
	<item id="4555" price="0" /> <!-- Greater Dye of CON (Con+1 Str-1) -->
	<item id="4556" price="0" /> <!-- Greater Dye of CON (Con+1 Dex-1) -->
	<item id="4557" price="0" /> <!-- Greater Dye of DEX (Dex+1 Str-1) -->
	<item id="4558" price="0" /> <!-- Greater Dye of DEX (Dex+1 Con-1) -->
	<item id="4559" price="0" /> <!-- Greater Dye of INT (Int+1 Men-1) -->
	<item id="4560" price="0" /> <!-- Greater Dye of INT (Int+1 Wit-1) -->
	<item id="4561" price="0" /> <!-- Greater Dye of MEN (Men+1 Int-1) -->
	<item id="4562" price="0" /> <!-- Greater Dye of MEN (Men+1 Wit-1) -->
	<item id="4563" price="0" /> <!-- Greater Dye of WIT (Wit+1 Int-1) -->
	<item id="4564" price="0" /> <!-- Greater Dye of WIT (Wit+1 Men-1) -->
	<item id="4565" price="0" /> <!-- Greater Dye of STR (Str+4 Con-6) -->
	<item id="4566" price="0" /> <!-- Greater Dye of STR (Str+4 Dex-6) -->
	<item id="4567" price="0" /> <!-- Greater Dye of CON (Con+4 Str-6) -->
	<item id="4568" price="0" /> <!-- Greater Dye of CON (Con+4 Dex-6) -->
	<item id="4569" price="0" /> <!-- Greater Dye of DEX (Dex+4 Str-6) -->
	<item id="4570" price="0" /> <!-- Greater Dye of DEX (Dex+4 Con-6) -->
	<item id="4571" price="0" /> <!-- Greater Dye of INT (Int+4 Men-6) -->
	<item id="4572" price="0" /> <!-- Greater Dye of INT (Int+4 Wit-6) -->
	<item id="4573" price="0" /> <!-- Greater Dye of MEN (Men+4 Int-6) -->
	<item id="4574" price="0" /> <!-- Greater Dye of MEN (Men+4 Wit-6) -->
	<item id="4575" price="0" /> <!-- Greater Dye of WIT (Wit+4 Int-6) -->
	<item id="4576" price="0" /> <!-- Greater Dye of WIT (Wit+4 Men-6) -->
	<item id="4577" price="0" /> <!-- Greater Dye of STR (Str+4 Con-5) -->
	<item id="4578" price="0" /> <!-- Greater Dye of STR (Str+4 Dex-5) -->
	<item id="4579" price="0" /> <!-- Greater Dye of CON (Con+4 Str-5) -->
	<item id="4580" price="0" /> <!-- Greater Dye of CON (Con+4 Dex-5) -->
	<item id="4581" price="0" /> <!-- Greater Dye of DEX (Dex+4 Str-5) -->
	<item id="4582" price="0" /> <!-- Greater Dye of DEX (Dex+4 Con-5) -->
	<item id="4583" price="0" /> <!-- Greater Dye of INT (Int+4 Men-5) -->
	<item id="4584" price="0" /> <!-- Greater Dye of INT (Int+4 Wit-5) -->
	<item id="4585" price="0" /> <!-- Greater Dye of MEN (Men+4 Int-5) -->
	<item id="4586" price="0" /> <!-- Greater Dye of MEN (Men+4 Wit-5) -->
	<item id="4587" price="0" /> <!-- Greater Dye of WIT (Wit+4 Int-5) -->
	<item id="4588" price="0" /> <!-- Greater Dye of WIT (Wit+4 Men-5) -->
	<item id="4589" price="0" /> <!-- Greater Dye of STR (Str+2 Con-2) -->
	<item id="4590" price="0" /> <!-- Greater Dye of STR (Str+2 Dex-2) -->
	<item id="4591" price="0" /> <!-- Greater Dye of CON (Con+2 Str-2) -->
	<item id="4592" price="0" /> <!-- Greater Dye of CON (Con+2 Dex-2) -->
	<item id="4593" price="0" /> <!-- Greater Dye of DEX (Dex+2 Str-2) -->
	<item id="4594" price="0" /> <!-- Greater Dye of DEX (Dex+2 Con-2) -->
	<item id="4595" price="0" /> <!-- Greater Dye of INT (Int+2 Men-2) -->
	<item id="4596" price="0" /> <!-- Greater Dye of INT (Int+2 Wit-2) -->
	<item id="4597" price="0" /> <!-- Greater Dye of MEN (Men+2 Int-2) -->
	<item id="4598" price="0" /> <!-- Greater Dye of MEN (Men+2 Wit-2) -->
	<item id="4599" price="0" /> <!-- Greater Dye of WIT (Wit+2 Int-2) -->
	<item id="4600" price="0" /> <!-- Greater Dye of WIT (Wit+2 Men-2) -->
	<item id="4601" price="0" /> <!-- Greater Dye of STR (Str+3 Con-3) -->
	<item id="4602" price="0" /> <!-- Greater Dye of STR (Str+3 Dex-3) -->
	<item id="4603" price="0" /> <!-- Greater Dye of CON (Con+3 Str-3) -->
	<item id="4604" price="0" /> <!-- Greater Dye of CON (Con+3 Dex-3) -->
	<item id="4605" price="0" /> <!-- Greater Dye of DEX (Dex+3 Str-3) -->
	<item id="4606" price="0" /> <!-- Greater Dye of DEX (Dex+3 Con-3) -->
	<item id="4607" price="0" /> <!-- Greater Dye of INT (Int+3 Men-3) -->
	<item id="4608" price="0" /> <!-- Greater Dye of INT (Int+3 Wit-3) -->
	<item id="4609" price="0" /> <!-- Greater Dye of MEN (Men+3 Int-3) -->
	<item id="4610" price="0" /> <!-- Greater Dye of MEN (Men+3 Wit-3) -->
	<item id="4611" price="0" /> <!-- Greater Dye of WIT (Wit+3 Int-3) -->
	<item id="4612" price="0" /> <!-- Greater Dye of WIT (Wit+3 Men-3) -->
	<item id="4613" price="0" /> <!-- Greater Dye of STR (Str+4 Con-4) -->
	<item id="4614" price="0" /> <!-- Greater Dye of STR (Str+4 Dex-4) -->
	<item id="4615" price="0" /> <!-- Greater Dye of CON (Con+4 Str-4) -->
	<item id="4616" price="0" /> <!-- Greater Dye of CON (Con+4 Dex-4) -->
	<item id="4617" price="0" /> <!-- Greater Dye of DEX (Dex+4 Str-4) -->
	<item id="4618" price="0" /> <!-- Greater Dye of DEX (Dex+4 Con-4) -->
	<item id="4619" price="0" /> <!-- Greater Dye of INT (Int+4 Men-4) -->
	<item id="4620" price="0" /> <!-- Greater Dye of INT (Int+4 Wit-4) -->
	<item id="4621" price="0" /> <!-- Greater Dye of MEN (Men+4 Int-4) -->
	<item id="4622" price="0" /> <!-- Greater Dye of MEN (Men+4 Wit-4) -->
	<item id="4623" price="0" /> <!-- Greater Dye of WIT (Wit+4 Int-4) -->
	<item id="4624" price="0" /> <!-- Greater Dye of WIT (Wit+4 Men-4) -->
</list>
