<?xml version="1.0" encoding="UTF-8"?>
<list xmlns:xsi="http://www.w3.org/2001/XMLSchema-instance" xsi:noNamespaceSchemaLocation="../../xsd/buylist.xsd">
	<item id="10650" price="0" /> <!-- Adventurer's Scroll of Escape -->
	<item id="1538" price="0" /> <!-- Blessed Scroll of Escape -->
	<item id="5859" price="0" /> <!-- Blessed Scroll of Escape: Castle -->
	<item id="5858" price="0" /> <!-- Blessed Scroll of Escape: Clan Hall -->
	<item id="736" price="0" /> <!-- Scroll of Escape -->
	<item id="1830" price="0" /> <!-- Scroll of Escape: Castle -->
	<item id="1829" price="0" /> <!-- Scroll of Escape: Clan Hall -->
	<item id="7118" price="0" /> <!-- Scroll of Escape: Elven Village -->
	<item id="7119" price="0" /> <!-- Scroll of Escape: Dark Elven Village -->
	<item id="7120" price="0" /> <!-- Scroll of Escape: Orc Village -->
	<item id="7121" price="0" /> <!-- Scroll of Escape: Dwarven Village -->
	<item id="7122" price="0" /> <!-- Scroll of Escape: Gludin Village -->
	<item id="7123" price="0" /> <!-- Scroll of Escape: Town of Gludio -->
	<item id="7124" price="0" /> <!-- Scroll of Escape: Town of Dion -->
	<item id="7125" price="0" /> <!-- Scroll of Escape: Floran Village -->
	<item id="7126" price="0" /> <!-- Scroll of Escape: Town of Giran -->
	<item id="7127" price="0" /> <!-- Scroll of Escape: Hardin's Academy -->
	<item id="7129" price="0" /> <!-- Scroll of Escape: Town of Oren -->
	<item id="7130" price="0" /> <!-- Scroll of Escape: Ivory Tower -->
	<item id="7131" price="0" /> <!-- Scroll of Escape: Hunters Village -->
	<item id="737" price="0" /> <!-- Scroll of Resurrection -->
	<item id="3936" price="0" /> <!-- Blessed Scroll of Resurrection -->
	<item id="5593" price="0" /> <!-- SP Scroll (Low-Grade) -->
	<item id="5594" price="0" /> <!-- SP Scroll (Medium-Grade) -->
	<item id="5595" price="0" /> <!-- SP Scroll (High Grade) -->
</list>
