<?xml version="1.0" encoding="UTF-8"?>
<list xmlns:xsi="http://www.w3.org/2001/XMLSchema-instance" xsi:noNamespaceSchemaLocation="../../xsd/buylist.xsd">
	<item id="6611" price="0" /> <!-- Infinity Blade -->
	<item id="6612" price="0" /> <!-- Infinity Cleaver -->
	<item id="6613" price="0" /> <!-- Infinity Axe -->
	<item id="6614" price="0" /> <!-- Infinity Rod -->
	<item id="6616" price="0" /> <!-- Infinity Scepter -->
	<item id="6617" price="0" /> <!-- Infinity Stinger -->
	<item id="6618" price="0" /> <!-- Infinity Fang -->
	<item id="6619" price="0" /> <!-- Infinity Bow -->
	<item id="6620" price="0" /> <!-- Infinity Wing -->
	<item id="6621" price="0" /> <!-- Infinity Spear -->
</list>
