<?xml version="1.0" encoding="UTF-8"?>
<list xmlns:xsi="http://www.w3.org/2001/XMLSchema-instance" xsi:noNamespaceSchemaLocation="../../xsd/buylist.xsd">
	<!-- Infinity S-Grade Weapons (Normal) -->
	<item id="6611" price="0" />
	<item id="6612" price="0" />
	<item id="6613" price="0" />
	<item id="6614" price="0" />
	<item id="6616" price="0" />
	<item id="6617" price="0" />
	<item id="6618" price="0" />
	<item id="6619" price="0" />
	<item id="6620" price="0" />
	<item id="6621" price="0" />
</list>
