<?xml version="1.0" encoding="UTF-8"?>
<list xmlns:xsi="http://www.w3.org/2001/XMLSchema-instance" xsi:noNamespaceSchemaLocation="../../xsd/buylist.xsd">
	<item id="4051" price="0" /> <!-- Adamantite Necklace Chain -->
	<item id="4052" price="0" /> <!-- Earring of Black Ore Piece -->
	<item id="4053" price="0" /> <!-- Ring of Black Ore Gemstone -->
	<item id="4054" price="0" /> <!-- Necklace of Black Ore Beads -->
	<item id="4055" price="0" /> <!-- Composite Shield Fragment -->
	<item id="4056" price="0" /> <!-- Zubei's Breastplate Part -->
	<item id="4057" price="0" /> <!-- Zubei's Gaiter Material -->
	<item id="4058" price="0" /> <!-- Implosion Boots Part -->
	<item id="4059" price="0" /> <!-- Boots of Silence Fabric -->
	<item id="4060" price="0" /> <!-- Guardian's Boots Fabric -->
	<item id="4061" price="0" /> <!-- Paradia Boots Pattern -->
	<item id="4062" price="0" /> <!-- Elemental Boots Lining -->
	<item id="4063" price="0" /> <!-- Boots of Grace Lining -->
	<item id="4064" price="0" /> <!-- Avadon Breastplate Part -->
	<item id="4065" price="0" /> <!-- Avadon Gaiters Material -->
	<item id="4066" price="0" /> <!-- Zubei's Leather Shirt Fabric -->
	<item id="4067" price="0" /> <!-- Zubei's Leather Gaiter Texture -->
	<item id="4068" price="0" /> <!-- Avadon Leather Armor Lining -->
	<item id="4069" price="0" /> <!-- Tunic of Zubei Fabric -->
	<item id="4070" price="0" /> <!-- Stockings of Zubei Fabric -->
	<item id="4071" price="0" /> <!-- Avadon Robe Fabric -->
	<item id="4072" price="0" /> <!-- Avadon Circlet Pattern -->
	<item id="4073" price="0" /> <!-- Sealed Avadon Gloves Part -->
	<item id="4074" price="0" /> <!-- Chain Gloves of Silence Design -->
	<item id="4075" price="0" /> <!-- Guardian's Gloves Design -->
	<item id="4076" price="0" /> <!-- Gloves of Blessing Pattern -->
	<item id="4077" price="0" /> <!-- Doom Shield Fragment -->
	<item id="4078" price="0" /> <!-- Blue Wolf Breastplate Part -->
	<item id="4079" price="0" /> <!-- Boots of Blessing Design -->
	<item id="4080" price="0" /> <!-- Blue Wolf Gaiters Material -->
	<item id="4081" price="0" /> <!-- Doom Plate Armor Temper -->
	<item id="4082" price="0" /> <!-- Blue Wolf Leather Armor Texture -->
	<item id="4083" price="0" /> <!-- Leather Armor of Doom Design -->
	<item id="4084" price="0" /> <!-- Blue Wolf Tunic Fabric -->
	<item id="4085" price="0" /> <!-- Tunic of Doom Pattern -->
	<item id="4086" price="0" /> <!-- Blue Wolf Stockings Pattern -->
	<item id="4087" price="0" /> <!-- Stockings of Doom Pattern -->
	<item id="4088" price="0" /> <!-- Blue Wolf Helmet Design -->
	<item id="4089" price="0" /> <!-- Doom Helmet Pattern -->
	<item id="4090" price="0" /> <!-- Sealed Blue Wolf Boots Design -->
	<item id="4091" price="0" /> <!-- Sealed Doom Gloves Part -->
	<item id="4092" price="0" /> <!-- Elemental Gloves Lining -->
	<item id="4093" price="0" /> <!-- Gloves of Grace Lining -->
	<item id="4094" price="0" /> <!-- Implosion Gauntlet Fabric -->
	<item id="4095" price="0" /> <!-- Paradia Gloves Pattern -->
	<item id="4096" price="0" /> <!-- Sealed Blue Wolf Gloves Fabric -->
	<item id="4097" price="0" /> <!-- Sealed Zubei's Boots Design -->
	<item id="4098" price="0" /> <!-- Sealed Avadon Boots Design -->
	<item id="4099" price="0" /> <!-- Sealed Doom Boots Part -->
	<item id="4100" price="0" /> <!-- Sealed Zubei's Gauntlets Part -->
</list>
