<?xml version="1.0" encoding="UTF-8"?>
<list xmlns:xsi="http://www.w3.org/2001/XMLSchema-instance" xsi:noNamespaceSchemaLocation="../../xsd/buylist.xsd">
	<item id="2933" price="0" /> <!-- Sage's Worn Gloves Lining -->
	<item id="2934" price="0" /> <!-- Plate Shield Fragment -->
	<item id="2935" price="0" /> <!-- Reinforced Mithril Gaiters Fragment -->
	<item id="2936" price="0" /> <!-- Chain Hood Pattern -->
	<item id="2937" price="0" /> <!-- Chain Boots Part -->
	<item id="2938" price="0" /> <!-- Karmian Boots Fabric -->
	<item id="2939" price="0" /> <!-- Plate Leather Boots Lining -->
	<item id="2940" price="0" /> <!-- Dwarven Chain Boots Part -->
	<item id="2941" price="0" /> <!-- Boots of Seal Pattern -->
	<item id="2942" price="0" /> <!-- Reinforced Mithril Gloves Design -->
	<item id="2943" price="0" /> <!-- Chain Gloves Design -->
	<item id="2944" price="0" /> <!-- Karmian Gloves Fabric -->
	<item id="2945" price="0" /> <!-- Chain Shield Fragment -->
	<item id="2946" price="0" /> <!-- Plate Leather Gloves Design -->
	<item id="2947" price="0" /> <!-- Dwarven Chain Shield Fragment -->
	<item id="2948" price="0" /> <!-- Rind Leather Boots Lining -->
	<item id="2949" price="0" /> <!-- Dwarven Chain Gloves Design -->
	<item id="2950" price="0" /> <!-- Gloves of Seal Pattern -->
	<item id="2951" price="0" /> <!-- Rind Leather Gloves Design -->
	<item id="2952" price="0" /> <!-- Demon's Boots Fabric -->
	<item id="2953" price="0" /> <!-- Demon's Gloves Fabric -->
	<item id="2954" price="0" /> <!-- Theca Leather Boots Texture -->
	<item id="2955" price="0" /> <!-- Theca Leather Gloves Texture -->
	<item id="2956" price="0" /> <!-- Composite Boots Part -->
	<item id="2957" price="0" /> <!-- Composite Helmet Design -->
	<item id="2958" price="0" /> <!-- Divine Boots Fabric -->
	<item id="2959" price="0" /> <!-- Full Plate Helmet Design -->
	<item id="2960" price="0" /> <!-- Drake Leather Boots Design -->
	<item id="2961" price="0" /> <!-- Full Plate Boots Part -->
	<item id="2962" price="0" /> <!-- Drake Leather Gloves Design -->
	<item id="2963" price="0" /> <!-- Full Plate Gauntlets Part -->
	<item id="2964" price="0" /> <!-- Divine Gloves Pattern -->
	<item id="2965" price="0" /> <!-- Blessed Gloves Design -->
	<item id="2966" price="0" /> <!-- Full Plate Shield Fragment -->
	<item id="2967" price="0" /> <!-- Elven Long Sword Blade -->
	<item id="2968" price="0" /> <!-- Dwarven War Hammer Head -->
	<item id="2969" price="0" /> <!-- Yaksa Mace Head -->
	<item id="3031" price="0" /> <!-- Spirit Ore -->
	<item id="4039" price="0" /> <!-- Mold Glue -->
	<item id="4040" price="0" /> <!-- Mold Lubricant -->
	<item id="4041" price="0" /> <!-- Mold Hardener -->
	<item id="4042" price="0" /> <!-- Enria -->
	<item id="4043" price="0" /> <!-- Asofe -->
	<item id="4044" price="0" /> <!-- Thons -->
	<item id="4045" price="0" /> <!-- Maestro Holder -->
	<item id="4046" price="0" /> <!-- Maestro Anvil Lock -->
	<item id="4047" price="0" /> <!-- Craftsman Mold -->
	<item id="4048" price="0" /> <!-- Maestro Mold -->
	<item id="4049" price="0" /> <!-- Adamantite Earring Gemstone -->
	<item id="4050" price="0" /> <!-- Adamantite Ring Wire -->
</list>
