<?xml version="1.0" encoding="UTF-8"?>
<list xmlns:xsi="http://www.w3.org/2001/XMLSchema-instance" xsi:noNamespaceSchemaLocation="../../xsd/buylist.xsd">
	<item id="5156" price="0" /> <!-- Recipe: Soulshot (A) Compressed Package (100%) -->
	<item id="5158" price="0" /> <!-- Recipe: Spiritshot (D) Compressed Package (100%) -->
	<item id="5159" price="0" /> <!-- Recipe: Spiritshot (C) Compressed Package (100%) -->
	<item id="5160" price="0" /> <!-- Recipe: Spiritshot (B) Compressed Package (100%) -->
	<item id="5161" price="0" /> <!-- Recipe: Spiritshot (A) Compressed Package (100%) -->
	<item id="5163" price="0" /> <!-- Recipe: Blessed Spiritshot (D) Compressed Package (100%) -->
	<item id="5164" price="0" /> <!-- Recipe: Blessed Spiritshot (C) Compressed Package (100%) -->
	<item id="5165" price="0" /> <!-- Recipe: Blessed Spiritshot (B) Compressed Package (100%) -->
	<item id="5166" price="0" /> <!-- Recipe: Blessed Spiritshot (A) Compressed Package (100%) -->
	<item id="5230" price="0" /> <!-- Recipe: Mithril Arrow (100%) -->
	<item id="5231" price="0" /> <!-- Recipe: Metal Hardener (100%) -->
	<item id="5268" price="0" /> <!-- Recipe: Greater Soulshot (D) Compressed Package (100%) -->
	<item id="5269" price="0" /> <!-- Recipe: Greater Soulshot (C) Compressed Package(100%) -->
	<item id="5270" price="0" /> <!-- Recipe: Greater Soulshot (B) Compressed Package(100%) -->
	<item id="5271" price="0" /> <!-- Recipe: Greater Soulshot (A) Compressed Package(100%) -->
	<item id="5273" price="0" /> <!-- Recipe: Greater Spiritshot (D) Compressed Package(100%) -->
	<item id="5274" price="0" /> <!-- Recipe: Greater Spiritshot (C) Compressed Package(100%) -->
	<item id="5275" price="0" /> <!-- Recipe: Greater Spiritshot (B) Compressed Package(100%) -->
	<item id="5276" price="0" /> <!-- Recipe: Greater Spiritshot (A) Compressed Package(100%) -->
	<item id="5278" price="0" /> <!-- Recipe: Greater Blessed Spiritshot (D) Compressed Package(100%) -->
	<item id="5279" price="0" /> <!-- Recipe: Greater Blessed Spiritshot (C) Compressed Package(100%) -->
	<item id="5280" price="0" /> <!-- Recipe: Greater Blessed Spiritshot (B) Compressed Package(100%) -->
	<item id="5281" price="0" /> <!-- Recipe: Greater Blessed Spiritshot (A) Compressed Package(100%) -->
</list>
