<?xml version="1.0" encoding="UTF-8"?>
<list xmlns:xsi="http://www.w3.org/2001/XMLSchema-instance" xsi:noNamespaceSchemaLocation="../../xsd/buylist.xsd">
	<item id="7485" price="0" /> <!-- Halisha's Mark -->
	<item id="7486" price="0" /> <!-- Halisha's Mark -->
	<item id="7487" price="0" /> <!-- Halisha's Mark -->
	<item id="7488" price="0" /> <!-- Halisha's Mark -->
	<item id="7489" price="0" /> <!-- Halisha's Mark -->
	<item id="7490" price="0" /> <!-- Halisha's Mark -->
	<item id="7491" price="0" /> <!-- Halisha's Mark -->
	<item id="7492" price="0" /> <!-- Halisha's Mark -->
	<item id="7493" price="0" /> <!-- Halisha's Mark -->
	<item id="7494" price="0" /> <!-- Halisha's Mark -->
	<item id="7495" price="0" /> <!-- Halisha's Mark -->
	<item id="7496" price="0" /> <!-- Halisha's Mark -->
	<item id="7497" price="0" /> <!-- Halisha's Mark -->
	<item id="7498" price="0" /> <!-- Halisha's Mark -->
	<item id="7499" price="0" /> <!-- Halisha's Mark -->
	<item id="7500" price="0" /> <!-- Halisha's Mark -->
	<item id="7501" price="0" /> <!-- Halisha's Mark -->
	<item id="7502" price="0" /> <!-- Halisha's Mark -->
	<item id="7503" price="0" /> <!-- Halisha's Mark -->
	<item id="7504" price="0" /> <!-- Halisha's Mark -->
	<item id="7505" price="0" /> <!-- Halisha's Mark -->
	<item id="7506" price="0" /> <!-- Halisha's Mark -->
	<item id="7507" price="0" /> <!-- Halisha's Mark -->
	<item id="7508" price="0" /> <!-- Halisha's Mark -->
	<item id="7509" price="0" /> <!-- Halisha's Mark -->
	<item id="7510" price="0" /> <!-- Halisha's Mark -->
	<item id="7511" price="0" /> <!-- Halisha's Mark -->
	<item id="7512" price="0" /> <!-- Halisha's Mark -->
	<item id="7513" price="0" /> <!-- Halisha's Mark -->
	<item id="7514" price="0" /> <!-- Halisha's Mark -->
	<item id="7515" price="0" /> <!-- Halisha's Mark -->
	<item id="7516" price="0" /> <!-- Ice Wine -->
	<item id="7519" price="0" /> <!-- Shaved Ice -->
	<item id="7520" price="0" /> <!-- Ice Cream -->
	<item id="7521" price="0" /> <!-- Ice Crystal Gemstone -->
	<item id="7526" price="0" /> <!-- Ancient Language Dictionary -->
	<item id="7527" price="0" /> <!-- Ancient Language Dictionary -->
	<item id="7529" price="0" /> <!-- Investigative Report -->
	<item id="7530" price="0" /> <!-- Investigative Report -->
	<item id="7531" price="0" /> <!-- Investigative Report -->
	<item id="7532" price="0" /> <!-- Investigative Report -->
	<item id="7533" price="0" /> <!-- Investigative Report -->
	<item id="7534" price="0" /> <!-- Ice Cold Flower -->
	<item id="7535" price="0" /> <!-- Pure Ice -->
	<item id="7536" price="0" /> <!-- Bitter Cold Beer -->
	<item id="7537" price="0" /> <!-- Multiple Course Meal -->
	<item id="7538" price="0" /> <!-- Dead Souls Fish Soup -->
	<item id="7539" price="0" /> <!-- Bitter Cold Vodka -->
	<item id="7541" price="0" /> <!-- Red Crystal -->
</list>
