<?xml version="1.0" encoding="UTF-8"?>
<list xmlns:xsi="http://www.w3.org/2001/XMLSchema-instance" xsi:noNamespaceSchemaLocation="../../xsd/buylist.xsd">
	<npcs>
		<npc>31757</npc> <!-- Miss Queen -->
	</npcs>
	<item id="1910" price="5312" /> <!-- Aquastone Necklace Chain -->
	<item id="1909" price="2962" /> <!-- Aquastone Ring Wire -->
	<item id="2063" price="51750" /> <!-- Battle Axe Head -->
	<item id="2061" price="51750" /> <!-- Big Hammer Head -->
	<item id="2076" price="51000" /> <!-- Body Slasher Blade -->
	<item id="2941" price="4450" /> <!-- Boots of Seal Pattern -->
	<item id="2937" price="4450" /> <!-- Chain Boots Part -->
	<item id="1960" price="7300" /> <!-- Chain Gaiters Part -->
	<item id="2943" price="4450" /> <!-- Chain Gloves Design -->
	<item id="2936" price="5450" /> <!-- Chain Hood Pattern -->
	<item id="2945" price="4950" /> <!-- Chain Shield Fragment -->
	<item id="2073" price="51750" /> <!-- Chakram Edge -->
	<item id="2067" price="55500" /> <!-- Crystal Staff Head -->
	<item id="2074" price="56476" /> <!-- Crystallized Ice Bow Shaft -->
	<item id="2070" price="50376" /> <!-- Cursed Dagger Blade -->
	<item id="2072" price="50376" /> <!-- Dark Elven Dagger Edge -->
	<item id="2940" price="4450" /> <!-- Dwarven Chain Boots Part -->
	<item id="1964" price="4950" /> <!-- Eldarake Temper -->
	<item id="2059" price="53850" /> <!-- Flamberge Blade -->
	<item id="2069" price="51000" /> <!-- Heavy Doom Axe Blade -->
	<item id="2066" price="51000" /> <!-- Heavy Doom Hammer Head -->
	<item id="2938" price="4450" /> <!-- Karmian Boots Fabric -->
	<item id="2944" price="4450" /> <!-- Karmian Gloves Fabric -->
	<item id="1958" price="4450" /> <!-- Reinforced Mithril Boots Design -->
	<item id="1908" price="4224" /> <!-- Moonstone Earring Wire -->
	<item id="2075" price="51000" /> <!-- Orcish Glaive Blade -->
	<item id="2939" price="4450" /> <!-- Plate Leather Boots Lining -->
	<item id="2942" price="4450" /> <!-- Reinforced Mithril Gloves Design -->
	<item id="2062" price="51000" /> <!-- Scythe Edge -->
	<item id="2065" price="51750" /> <!-- Skull Graver Head -->
	<item id="2068" price="55500" /> <!-- Stick of Faith Shaft -->
	<item id="2060" price="50376" /> <!-- Stormbringer Blade -->
	<item id="2064" price="51750" /> <!-- Silver Axe Head -->
	<item id="2947" price="5600" /> <!-- Dwarven Chain Shield Fragment -->
	<item id="1967" price="7334" /> <!-- Plated Leather Gaiters Material -->
	<item id="2079" price="58222" /> <!-- Bec De Corbin Blade -->
	<item id="2082" price="56756" /> <!-- Cursed Staff Head -->
	<item id="2084" price="60200" /> <!-- Soulfire Dirk Blade -->
	<item id="1968" price="16600" /> <!-- Dwarven Chain Mail Shirt Material -->
	<item id="2968" price="59288" /> <!-- Dwarven War Hammer Head -->
	<item id="2085" price="57822" /> <!-- Crossbow Shaft -->
	<item id="2088" price="56756" /> <!-- Horn of Glory Fragment -->
	<item id="2078" price="60200" /> <!-- Katana Blade -->
	<item id="1972" price="5000" /> <!-- Knight's Shield Fragment -->
	<item id="4438" price="56088" /> <!-- Knuckle Duster Edge -->
	<item id="2086" price="57822" /> <!-- Noble Elven Bow Shaft -->
	<item id="2081" price="60200" /> <!-- Raid Sword Blade -->
	<item id="1912" price="3712" /> <!-- Ring of Protection Gemstone -->
	<item id="2077" price="60200" /> <!-- Shamshir Blade -->
	<item id="2080" price="60200" /> <!-- Spirit Sword Blade -->
	<item id="2083" price="60200" /> <!-- Stiletto Edge -->
	<item id="2109" price="71340" /> <!-- Akat Longbow Shaft -->
	<item id="2089" price="73400" /> <!-- Caliburs Edge -->
	<item id="2104" price="70960" /> <!-- Club of Nature Head -->
	<item id="4055" price="6240" /> <!-- Composite Shield Fragment -->
	<item id="2107" price="73400" /> <!-- Dark Screamer Edge -->
	<item id="2096" price="73400" /> <!-- Sword of Whispering Death Blade -->
	<item id="1979" price="16480" /> <!-- Demon's Tunic Fabric -->
	<item id="1914" price="7120" /> <!-- Earring of Seal Gemstone -->
	<item id="2108" price="74680" /> <!-- Fisted Blade Piece -->
	<item id="2106" price="73400" /> <!-- Grace Dagger Edge -->
	<item id="2092" price="73400" /> <!-- Homunkulus's Sword Blade -->
	<item id="2105" price="74680" /> <!-- Mace of Underworld Head -->
	<item id="2098" price="74680" /> <!-- Nirvana Axe Blade -->
	<item id="2102" price="73600" /> <!-- Pa'agrian Hammer Head -->
	<item id="2100" price="70960" /> <!-- Paradia Staff Head -->
	<item id="1915" price="4540" /> <!-- Ring of Ages Gemstone -->
	<item id="2103" price="70960" /> <!-- Sage's Staff Head -->
	<item id="2099" price="70960" /> <!-- Stick of Eternity Shaft -->
	<item id="2090" price="73400" /> <!-- Delusional Blade -->
	<item id="2095" price="73400" /> <!-- Sword of Nightmare Blade -->
	<item id="1978" price="6240" /> <!-- Tower Shield Fragment -->
	<item id="2091" price="73400" /> <!-- Tsurugi Blade -->
	<item id="2097" price="74680" /> <!-- War Axe Blade -->
	<item id="2112" price="82600" /> <!-- Pa'agrian Axe Blade -->
	<item id="2113" price="82600" /> <!-- Scorpion Blade -->
	<item id="2954" price="6320" /> <!-- Theca Leather Boots Texture -->
	<item id="2955" price="6320" /> <!-- Theca Leather Gloves Texture -->
	<item id="2114" price="82600" /> <!-- Widowmaker Head -->
	<item id="5530" price="87200" /> <!-- Berserker Blade Edge -->
	<item id="2964" price="7346" /> <!-- Divine Gloves Pattern -->
	<item id="2119" price="87782" /> <!-- Crystal Dagger Blade -->
	<item id="2116" price="85018" /> <!-- Deadman's Staff Head -->
	<item id="2118" price="85018" /> <!-- Demon's Staff Head -->
	<item id="2960" price="7346" /> <!-- Drake Leather Boots Design -->
	<item id="2962" price="7346" /> <!-- Drake Leather Gloves Design -->
	<item id="2121" price="86982" /> <!-- Eminence Bow Shaft -->
	<item id="2961" price="7346" /> <!-- Full Plate Boots Part -->
	<item id="2963" price="7346" /> <!-- Full Plate Gauntlets Part -->
	<item id="2966" price="7310" /> <!-- Full Plate Shield Fragment -->
	<item id="2117" price="85018" /> <!-- Ghoul's Staff Head -->
	<item id="2120" price="83272" /> <!-- Great Pata Blade -->
	<item id="2122" price="87636" /> <!-- Orcish Poleaxe Blade -->
	<item id="2115" price="87310" /> <!-- Samurai Longsword Blade -->
	<item id="2969" price="83272" /> <!-- Yaksa Mace Head -->
</list>
