<?xml version="1.0" encoding="UTF-8"?>
<list xmlns:xsi="http://www.w3.org/2001/XMLSchema-instance" xsi:noNamespaceSchemaLocation="../../xsd/buylist.xsd">
	<npcs>
		<npc>31757</npc> <!-- Miss Queen -->
	</npcs>
	<item id="4916" price="1600" /> <!-- Spellbook: Energy Bolt -->
	<item id="4917" price="6400" /> <!-- Spellbook: Aura Bolt -->
	<item id="4918" price="6400" /> <!-- Spellbook: Summon Kai the Cat -->
	<item id="4919" price="6400" /> <!-- Spellbook: Summon Merrow the Unicorn -->
	<item id="4920" price="6400" /> <!-- Spellbook: Summon Soulless -->
	<item id="4922" price="6400" /> <!-- Spellbook: Summon Binding Cubic -->
	<item id="4923" price="6400" /> <!-- Spellbook: Summon Aqua Cubic -->
	<item id="4924" price="6400" /> <!-- Spellbook: Summon Spark Cubic -->
	<item id="5813" price="6400" /> <!-- Spellbook: Servitor Cure -->
</list>
