<?xml version="1.0" encoding="UTF-8"?>
<list xmlns:xsi="http://www.w3.org/2001/XMLSchema-instance" xsi:noNamespaceSchemaLocation="../../xsd/buylist.xsd">
	<npcs>
		<npc>31757</npc> <!-- Miss Queen -->
	</npcs>
	<item id="3048" price="6400" /> <!-- Spellbook: Reflect Damage -->
	<item id="3050" price="6400" /> <!-- Spellbook: Hex -->
	<item id="3051" price="6400" /> <!-- Spellbook: Spirit Barrier -->
	<item id="3053" price="6400" /> <!-- Spellbook: Holy Blessing -->
	<item id="3056" price="6400" /> <!-- Spellbook: Summon Dark Panther -->
	<item id="3058" price="6400" /> <!-- Spellbook: Summon Corrupted Man -->
	<item id="3061" price="6400" /> <!-- Spellbook: Curse Discord -->
	<item id="3062" price="6400" /> <!-- Spellbook: Curse Fear -->
	<item id="3064" price="6400" /> <!-- Spellbook: Silence -->
	<item id="3067" price="6400" /> <!-- Spellbook: Vampiric Claw -->
	<item id="3071" price="6400" /> <!-- Spellbook: Requiem -->
	<item id="3073" price="6400" /> <!-- Spellbook: Might of Heaven -->
	<item id="3074" price="6400" /> <!-- Spellbook: Surrender to Wind -->
	<item id="3075" price="6400" /> <!-- Spellbook: Blazing Circle -->
	<item id="3076" price="6400" /> <!-- Spellbook: Prominence -->
	<item id="3077" price="6400" /> <!-- Spellbook: Blazing Skin -->
	<item id="3081" price="6400" /> <!-- Spellbook: Aura Flare -->
	<item id="3082" price="6400" /> <!-- Spellbook: Surrender to Water -->
	<item id="3085" price="6400" /> <!-- Spellbook: Hydro Blast -->
	<item id="3086" price="6400" /> <!-- Spellbook: Frost Bolt -->
	<item id="3088" price="6400" /> <!-- Spellbook: Freezing Skin -->
	<item id="3090" price="6400" /> <!-- Spellbook: Hurricane -->
	<item id="3092" price="6400" /> <!-- Spellbook: Servitor Physical Shield -->
	<item id="3094" price="6400" /> <!-- Spellbook: Invigor -->
	<item id="3098" price="6400" /> <!-- Spellbook: Return -->
	<item id="3100" price="6400" /> <!-- Spellbook: Guidance -->
	<item id="3101" price="6400" /> <!-- Spellbook: Death Whisper -->
	<item id="3102" price="6400" /> <!-- Spellbook: Bless Shield -->
	<item id="3103" price="6400" /> <!-- Amulet: Pa'agrio's Wisdom -->
	<item id="3104" price="6400" /> <!-- Amulet: Pa'agrio's Glory -->
	<item id="3105" price="6400" /> <!-- Amulet: Seal of Winter -->
	<item id="3110" price="6400" /> <!-- Amulet: Seal of Scourge -->
	<item id="3113" price="6400" /> <!-- Amulet: Pa'agrio's Protection -->
	<item id="3114" price="6400" /> <!-- Amulet: Steal Essence -->
	<item id="3115" price="6400" /> <!-- Amulet: Freezing Flame -->
	<item id="3117" price="6400" /> <!-- Amulet: Chant of Evasion -->
	<item id="3429" price="6400" /> <!-- Spellbook: Greater Heal -->
	<item id="3430" price="6400" /> <!-- Spellbook: Greater Battle Heal -->
	<item id="3431" price="6400" /> <!-- Spellbook: Greater Group Heal -->
	<item id="3432" price="6400" /> <!-- Spellbook: Remedy -->
	<item id="3944" price="4900" /> <!-- Spellbook: Decrease Weight -->
	<item id="4201" price="6400" /> <!-- Spellbook: Resist Shock -->
	<item id="4203" price="6400" /> <!-- Spellbook: Life Leech -->
	<item id="4204" price="6400" /> <!-- Amulet: Pa'agrio's Tact -->
	<item id="4206" price="6400" /> <!-- Spellbook: Transfer Pain -->
	<item id="4207" price="6400" /> <!-- Spellbook: Mana Regeneration -->
	<item id="4906" price="2500" /> <!-- Spellbook: Solar Spark -->
	<item id="4907" price="6400" /> <!-- Spellbook: Solar Flare -->
	<item id="4908" price="2500" /> <!-- Spellbook: Shadow Spark -->
	<item id="4909" price="6400" /> <!-- Spellbook: Shadow Flare -->
	<item id="4910" price="3600" /> <!-- Spellbook: Vampiric Rage -->
</list>
