<?xml version="1.0" encoding="UTF-8"?>
<list xmlns:xsi="http://www.w3.org/2001/XMLSchema-instance" xsi:noNamespaceSchemaLocation="../xsd/buylist.xsd">
	<npcs>
		<npc>30517</npc> <!-- Shari -->
	</npcs>
	<item id="1121" price="8" /> <!-- Apprentice's Shoes -->
	<item id="28" price="105" /> <!-- Pants -->
	<item id="21" price="169" /> <!-- Shirt -->
	<item id="18" price="44" /> <!-- Leather Shield -->
	<item id="48" price="42" /> <!-- Short Gloves -->
	<item id="35" price="42" /> <!-- Cloth Shoes -->
	<item id="36" price="42"/> <!-- Leather Sandals -->
	<item id="41" price="63" /> <!-- Cloth Cap -->
	<item id="29" price="1748"/> <!-- Leather Pants -->
	<item id="22" price="2794" /> <!-- Leather Shirt -->
	<item id="19" price="733" /> <!-- Small Shield -->
	<item id="1119" price="698" /> <!-- Short Leather Gloves -->
	<item id="1129" price="698" /> <!-- Crude Leather Shoes -->
	<item id="1122" price="698" /> <!-- Cotton Shoes -->
	<item id="42" price="1048"/> <!-- Leather Cap -->
	<item id="30" price="5715" /> <!-- Durable Leather Pants -->
	<item id="2386" price="5715" /> <!-- Wooden Gaiters -->
	<item id="23" price="9154" /> <!-- Wooden Breastplate -->
	<item id="20" price="3197" /> <!-- Buckler -->
	<item id="49" price="3047" /> <!-- Gloves -->
	<item id="37" price="3047" /> <!-- Leather Shoes -->
	<item id="43" price="4577" /> <!-- Wooden Helmet -->
	<item id="412" price="14605" /> <!-- Cotton Pants -->
	<item id="390" price="23345" /> <!-- Cotton Shirt -->
	<item id="24" price="23345" /> <!-- Bone Breastplate -->
	<item id="31" price="14605" /> <!-- Bone Gaiters -->
	<item id="102" price="8176" /> <!-- Round Shield -->
	<item id="50" price="7785" /> <!-- Leather Gloves -->
	<item id="38" price="7785" /> <!-- Low Boots -->
	<item id="44" price="11730" /> <!-- Leather Helmet -->
</list>
