<?xml version="1.0" encoding="UTF-8"?>
<list xmlns:xsi="http://www.w3.org/2001/XMLSchema-instance" xsi:noNamespaceSchemaLocation="../xsd/buylist.xsd">
	<npcs>
		<npc>35144</npc> <!-- Sanford -->
	</npcs>
	<item id="6051" price="80000" />
	<item id="6052" price="100000" />
	<item id="6053" price="120000" />
	<item id="6054" price="250000" />
	<item id="6055" price="250000" />
	<item id="6056" price="80000" />
	<item id="6057" price="100000" />
	<item id="6058" price="120000" />
	<item id="6059" price="250000" />
	<item id="6060" price="250000" />
</list>
