<?xml version="1.0" encoding="UTF-8"?>
<list xmlns:xsi="http://www.w3.org/2001/XMLSchema-instance" xsi:noNamespaceSchemaLocation="../xsd/buylist.xsd">
	<npcs>
		<npc>35186</npc> <!-- Arvid -->
	</npcs>
	<item id="6064" price="80000" />
	<item id="6065" price="100000" />
	<item id="6066" price="120000" />
	<item id="6067" price="250000" />
	<item id="6068" price="250000" />
	<item id="6069" price="80000" />
	<item id="6070" price="100000" />
	<item id="6071" price="120000" />
	<item id="6072" price="250000" />
	<item id="6073" price="250000" />
</list>
