<?xml version="1.0" encoding="UTF-8"?>
<list xmlns:xsi="http://www.w3.org/2001/XMLSchema-instance" xsi:noNamespaceSchemaLocation="../xsd/buylist.xsd">
	<npcs>
		<npc>35228</npc> <!-- Morrison -->
	</npcs>
	<item id="6077" price="80000" />
	<item id="6078" price="100000" />
	<item id="6079" price="120000" />
	<item id="6080" price="250000" />
	<item id="6081" price="250000" />
	<item id="6082" price="80000" />
	<item id="6083" price="100000" />
	<item id="6084" price="120000" />
	<item id="6085" price="250000" />
	<item id="6086" price="250000" />
</list>
